{
  "Total" : {
    "transaction" : "Total",
    "sampleCount" : 500,
    "errorCount" : 0,
    "errorPct" : 0.0,
    "meanResTime" : 270.96600000000024,
    "minResTime" : 73.0,
    "maxResTime" : 669.0,
    "pct1ResTime" : 474.0,
    "pct2ResTime" : 486.0,
    "pct3ResTime" : 568.96,
    "throughput" : 261.2330198537095,
    "receivedKBytesPerSec" : 345.16433189655174,
    "sentKBytesPerSec" : 50.715941745036574
  },
  "Schedule" : {
    "transaction" : "Schedule",
    "sampleCount" : 100,
    "errorCount" : 0,
    "errorPct" : 0.0,
    "meanResTime" : 233.0,
    "minResTime" : 74.0,
    "maxResTime" : 474.0,
    "pct1ResTime" : 303.9,
    "pct2ResTime" : 464.64999999999856,
    "pct3ResTime" : 473.99,
    "throughput" : 94.6073793755913,
    "receivedKBytesPerSec" : 35.29298722800379,
    "sentKBytesPerSec" : 19.586684011352887
  },
  "Home Page" : {
    "transaction" : "Home Page",
    "sampleCount" : 100,
    "errorCount" : 0,
    "errorPct" : 0.0,
    "meanResTime" : 368.3799999999999,
    "minResTime" : 145.0,
    "maxResTime" : 669.0,
    "pct1ResTime" : 558.8,
    "pct2ResTime" : 568.8,
    "pct3ResTime" : 668.99,
    "throughput" : 93.37068160597572,
    "receivedKBytesPerSec" : 46.68534080298787,
    "sentKBytesPerSec" : 13.130252100840337
  },
  "Game Page" : {
    "transaction" : "Game Page",
    "sampleCount" : 100,
    "errorCount" : 0,
    "errorPct" : 0.0,
    "meanResTime" : 314.38000000000005,
    "minResTime" : 91.0,
    "maxResTime" : 491.0,
    "pct1ResTime" : 483.9,
    "pct2ResTime" : 486.0,
    "pct3ResTime" : 490.96,
    "throughput" : 116.82242990654206,
    "receivedKBytesPerSec" : 582.6290522780374,
    "sentKBytesPerSec" : 24.984484521028037
  },
  "Winners List" : {
    "transaction" : "Winners List",
    "sampleCount" : 100,
    "errorCount" : 0,
    "errorPct" : 0.0,
    "meanResTime" : 199.94000000000003,
    "minResTime" : 73.0,
    "maxResTime" : 475.0,
    "pct1ResTime" : 397.30000000000007,
    "pct2ResTime" : 455.95,
    "pct3ResTime" : 474.98,
    "throughput" : 106.04453870625663,
    "receivedKBytesPerSec" : 39.55958377518558,
    "sentKBytesPerSec" : 21.64385604453871
  },
  "Detail Game Page" : {
    "transaction" : "Detail Game Page",
    "sampleCount" : 100,
    "errorCount" : 0,
    "errorPct" : 0.0,
    "meanResTime" : 239.12999999999994,
    "minResTime" : 74.0,
    "maxResTime" : 474.0,
    "pct1ResTime" : 458.70000000000005,
    "pct2ResTime" : 470.5999999999999,
    "pct3ResTime" : 473.98,
    "throughput" : 103.7344398340249,
    "receivedKBytesPerSec" : 38.69780860995851,
    "sentKBytesPerSec" : 21.273664419087137
  }
}