{
  "Total" : {
    "transaction" : "Total",
    "sampleCount" : 250,
    "errorCount" : 0,
    "errorPct" : 0.0,
    "meanResTime" : 148.85199999999986,
    "minResTime" : 53.0,
    "maxResTime" : 652.0,
    "pct1ResTime" : 421.80000000000035,
    "pct2ResTime" : 600.0,
    "pct3ResTime" : 602.0,
    "throughput" : 199.04458598726114,
    "receivedKBytesPerSec" : 262.9954344148089,
    "sentKBytesPerSec" : 38.642640326433124
  },
  "Schedule" : {
    "transaction" : "Schedule",
    "sampleCount" : 50,
    "errorCount" : 0,
    "errorPct" : 0.0,
    "meanResTime" : 75.34,
    "minResTime" : 53.0,
    "maxResTime" : 101.0,
    "pct1ResTime" : 96.0,
    "pct2ResTime" : 98.44999999999999,
    "pct3ResTime" : 101.0,
    "throughput" : 183.82352941176472,
    "receivedKBytesPerSec" : 68.5747931985294,
    "sentKBytesPerSec" : 38.057215073529406
  },
  "Home Page" : {
    "transaction" : "Home Page",
    "sampleCount" : 50,
    "errorCount" : 0,
    "errorPct" : 0.0,
    "meanResTime" : 393.68,
    "minResTime" : 99.0,
    "maxResTime" : 652.0,
    "pct1ResTime" : 602.0,
    "pct2ResTime" : 602.0,
    "pct3ResTime" : 652.0,
    "throughput" : 61.576354679802954,
    "receivedKBytesPerSec" : 30.788177339901477,
    "sentKBytesPerSec" : 8.65917487684729
  },
  "Game Page" : {
    "transaction" : "Game Page",
    "sampleCount" : 50,
    "errorCount" : 0,
    "errorPct" : 0.0,
    "meanResTime" : 97.82,
    "minResTime" : 64.0,
    "maxResTime" : 185.0,
    "pct1ResTime" : 148.9,
    "pct2ResTime" : 160.24999999999997,
    "pct3ResTime" : 185.0,
    "throughput" : 123.45679012345678,
    "receivedKBytesPerSec" : 615.7166280864197,
    "sentKBytesPerSec" : 26.40335648148148
  },
  "Winners List" : {
    "transaction" : "Winners List",
    "sampleCount" : 50,
    "errorCount" : 0,
    "errorPct" : 0.0,
    "meanResTime" : 86.86000000000003,
    "minResTime" : 57.0,
    "maxResTime" : 101.0,
    "pct1ResTime" : 96.0,
    "pct2ResTime" : 99.44999999999999,
    "pct3ResTime" : 101.0,
    "throughput" : 160.77170418006432,
    "receivedKBytesPerSec" : 59.975381832797424,
    "sentKBytesPerSec" : 32.813756028938904
  },
  "Detail Game Page" : {
    "transaction" : "Detail Game Page",
    "sampleCount" : 50,
    "errorCount" : 0,
    "errorPct" : 0.0,
    "meanResTime" : 90.55999999999999,
    "minResTime" : 59.0,
    "maxResTime" : 109.0,
    "pct1ResTime" : 101.0,
    "pct2ResTime" : 103.35,
    "pct3ResTime" : 109.0,
    "throughput" : 160.25641025641028,
    "receivedKBytesPerSec" : 59.783153044871796,
    "sentKBytesPerSec" : 32.86508413461539
  }
}